Day,Date,Time,Junction,Speed
Friday,10/2/2023,6:00,J48-J47,69
Friday,10/2/2023,6:00,J47-J46,65
Friday,10/2/2023,6:00,J46-J45,60
Friday,10/2/2023,6:00,J45-J43|44,45
Friday,10/2/2023,6:00,J43|44 - J42,49
Friday,10/2/2023,6:00,J42-J41,64
Friday,10/2/2023,6:00,J41-J40,65
Friday,10/2/2023,6:00,J40-J39,61
Friday,10/2/2023,6:00,J39-J38,62
Friday,10/2/2023,6:00,J38-J37,62
Friday,10/2/2023,6:00,J37-J36,65
Friday,10/2/2023,6:00,J36-J35A,61
Friday,10/2/2023,6:00,J35A-J35,64
Friday,10/2/2023,6:00,J35-J34,61
Friday,10/2/2023,6:00,J34-J33,60
Friday,10/2/2023,6:00,J33-J32,57
Friday,10/2/2023,6:00,J32-J31,58
Friday,10/2/2023,6:00,J31-J30,60
Friday,10/2/2023,6:00,J30-J29A,64
Friday,10/2/2023,6:00,J29A-J29,59
Friday,10/2/2023,6:00,J29-J28,59
Friday,10/2/2023,6:00,J28-J27,68
Friday,10/2/2023,6:00,J27-J26,62
Friday,10/2/2023,6:00,J26-J25,62
Friday,10/2/2023,6:00,J25-J24A,59
Friday,10/2/2023,6:00,J24A-J24,68
Friday,10/2/2023,6:00,J24-J23A,62
Friday,10/2/2023,6:00,J23A-J23,66
Friday,10/2/2023,6:00,J23-J22,64
Friday,10/2/2023,6:00,J22-J21A,64
Friday,10/2/2023,6:00,J21A-J21,65
Friday,10/2/2023,6:00,J21-J20,65
Friday,10/2/2023,6:00,J20-J19,63
Friday,10/2/2023,6:00,J19-J18,64
Friday,10/2/2023,6:00,J18-J17,64
Friday,10/2/2023,6:00,J17-J16,61
Friday,10/2/2023,6:00,J16-J15A,57
Friday,10/2/2023,6:00,J15A-J15,58
Friday,10/2/2023,6:00,J15-J14,62
Friday,10/2/2023,6:00,J14-J13,63
Friday,10/2/2023,6:00,J13-J12,61
Friday,10/2/2023,6:00,J12-J11A,63
Friday,10/2/2023,6:00,J11A-J11,59
Friday,10/2/2023,6:00,J11-J10,60
Friday,10/2/2023,6:00,J10-J9,63
Friday,10/2/2023,6:00,J9-J8,62
Friday,10/2/2023,6:00,J8-J7,60
Friday,10/2/2023,6:00,J7-J6A,63
Friday,10/2/2023,6:00,J6A-J6,64
Friday,10/2/2023,6:00,J6-J5,63
Friday,10/2/2023,6:00,J5-J4,61
Friday,10/2/2023,6:00,J4-J2,60
Friday,10/2/2023,6:00,J2-J1,55
Saturday,11/2/2023,6:00,J48-J47,66
Saturday,11/2/2023,6:00,J47-J46,68
Saturday,11/2/2023,6:00,J46-J45,66
Saturday,11/2/2023,6:00,J45-J43|44,55
Saturday,11/2/2023,6:00,J43|44 - J42,49
Saturday,11/2/2023,6:00,J42-J41,60
Saturday,11/2/2023,6:00,J41-J40,64
Saturday,11/2/2023,6:00,J40-J39,61
Saturday,11/2/2023,6:00,J39-J38,66
Saturday,11/2/2023,6:00,J38-J37,63
Saturday,11/2/2023,6:00,J37-J36,65
Saturday,11/2/2023,6:00,J36-J35A,67
Saturday,11/2/2023,6:00,J35A-J35,64
Saturday,11/2/2023,6:00,J35-J34,59
Saturday,11/2/2023,6:00,J34-J33,58
Saturday,11/2/2023,6:00,J33-J32,61
Saturday,11/2/2023,6:00,J32-J31,63
Saturday,11/2/2023,6:00,J31-J30,64
Saturday,11/2/2023,6:00,J30-J29A,67
Saturday,11/2/2023,6:00,J29A-J29,65
Saturday,11/2/2023,6:00,J29-J28,65
Saturday,11/2/2023,6:00,J28-J27,61
Saturday,11/2/2023,6:00,J27-J26,66
Saturday,11/2/2023,6:00,J26-J25,69
Saturday,11/2/2023,6:00,J25-J24A,68
Saturday,11/2/2023,6:00,J24A-J24,70
Saturday,11/2/2023,6:00,J24-J23A,61
Saturday,11/2/2023,6:00,J23A-J23,62
Saturday,11/2/2023,6:00,J23-J22,63
Saturday,11/2/2023,6:00,J22-J21A,66
Saturday,11/2/2023,6:00,J21A-J21,60
Saturday,11/2/2023,6:00,J21-J20,70
Saturday,11/2/2023,6:00,J20-J19,70
Saturday,11/2/2023,6:00,J19-J18,67
Saturday,11/2/2023,6:00,J18-J17,66
Saturday,11/2/2023,6:00,J17-J16,68
Saturday,11/2/2023,6:00,J16-J15A,61
Saturday,11/2/2023,6:00,J15A-J15,62
Saturday,11/2/2023,6:00,J15-J14,61
Saturday,11/2/2023,6:00,J14-J13,64
Saturday,11/2/2023,6:00,J13-J12,63
Saturday,11/2/2023,6:00,J12-J11A,64
Saturday,11/2/2023,6:00,J11A-J11,56
Saturday,11/2/2023,6:00,J11-J10,60
Saturday,11/2/2023,6:00,J10-J9,67
Saturday,11/2/2023,6:00,J9-J8,63
Saturday,11/2/2023,6:00,J8-J7,60
Saturday,11/2/2023,6:00,J7-J6A,60
Saturday,11/2/2023,6:00,J6A-J6,70
Saturday,11/2/2023,6:00,J6-J5,68
Saturday,11/2/2023,6:00,J5-J4,70
Saturday,11/2/2023,6:00,J4-J2,69
Saturday,11/2/2023,6:00,J2-J1,60
Sunday,12/2/2023,6:00,J48-J47,65
Sunday,12/2/2023,6:00,J47-J46,68
Sunday,12/2/2023,6:00,J46-J45,68
Sunday,12/2/2023,6:00,J45-J43|44,59
Sunday,12/2/2023,6:00,J43|44 - J42,55
Sunday,12/2/2023,6:00,J42-J41,63
Sunday,12/2/2023,6:00,J41-J40,60
Sunday,12/2/2023,6:00,J40-J39,62
Sunday,12/2/2023,6:00,J39-J38,61
Sunday,12/2/2023,6:00,J38-J37,65
Sunday,12/2/2023,6:00,J37-J36,65
Sunday,12/2/2023,6:00,J36-J35A,64
Sunday,12/2/2023,6:00,J35A-J35,68
Sunday,12/2/2023,6:00,J35-J34,63
Sunday,12/2/2023,6:00,J34-J33,65
Sunday,12/2/2023,6:00,J33-J32,65
Sunday,12/2/2023,6:00,J32-J31,60
Sunday,12/2/2023,6:00,J31-J30,62
Sunday,12/2/2023,6:00,J30-J29A,61
Sunday,12/2/2023,6:00,J29A-J29,60
Sunday,12/2/2023,6:00,J29-J28,60
Sunday,12/2/2023,6:00,J28-J27,62
Sunday,12/2/2023,6:00,J27-J26,64
Sunday,12/2/2023,6:00,J26-J25,63
Sunday,12/2/2023,6:00,J25-J24A,60
Sunday,12/2/2023,6:00,J24A-J24,63
Sunday,12/2/2023,6:00,J24-J23A,64
Sunday,12/2/2023,6:00,J23A-J23,69
Sunday,12/2/2023,6:00,J23-J22,70
Sunday,12/2/2023,6:00,J22-J21A,70
Sunday,12/2/2023,6:00,J21A-J21,69
Sunday,12/2/2023,6:00,J21-J20,65
Sunday,12/2/2023,6:00,J20-J19,68
Sunday,12/2/2023,6:00,J19-J18,64
Sunday,12/2/2023,6:00,J18-J17,64
Sunday,12/2/2023,6:00,J17-J16,66
Sunday,12/2/2023,6:00,J16-J15A,65
Sunday,12/2/2023,6:00,J15A-J15,64
Sunday,12/2/2023,6:00,J15-J14,62
Sunday,12/2/2023,6:00,J14-J13,60
Sunday,12/2/2023,6:00,J13-J12,69
Sunday,12/2/2023,6:00,J12-J11A,70
Sunday,12/2/2023,6:00,J11A-J11,70
Sunday,12/2/2023,6:00,J11-J10,60
Sunday,12/2/2023,6:00,J10-J9,60
Sunday,12/2/2023,6:00,J9-J8,63
Sunday,12/2/2023,6:00,J8-J7,65
Sunday,12/2/2023,6:00,J7-J6A,65
Sunday,12/2/2023,6:00,J6A-J6,70
Sunday,12/2/2023,6:00,J6-J5,70
Sunday,12/2/2023,6:00,J5-J4,70
Sunday,12/2/2023,6:00,J4-J2,67
Sunday,12/2/2023,6:00,J2-J1,62
Monday,13/2/2023,6:00,J48-J47,62
Monday,13/2/2023,6:00,J47-J46,67
Monday,13/2/2023,6:00,J46-J45,65
Monday,13/2/2023,6:00,J45-J43|44,49
Monday,13/2/2023,6:00,J43|44 - J42,55
Monday,13/2/2023,6:00,J42-J41,63
Monday,13/2/2023,6:00,J41-J40,60
Monday,13/2/2023,6:00,J40-J39,59
Monday,13/2/2023,6:00,J39-J38,65
Monday,13/2/2023,6:00,J38-J37,68
Monday,13/2/2023,6:00,J37-J36,65
Monday,13/2/2023,6:00,J36-J35A,64
Monday,13/2/2023,6:00,J35A-J35,65
Monday,13/2/2023,6:00,J35-J34,59
Monday,13/2/2023,6:00,J34-J33,61
Monday,13/2/2023,6:00,J33-J32,62
Monday,13/2/2023,6:00,J32-J31,62
Monday,13/2/2023,6:00,J31-J30,59
Monday,13/2/2023,6:00,J30-J29A,64
Monday,13/2/2023,6:00,J29A-J29,68
Monday,13/2/2023,6:00,J29-J28,65
Monday,13/2/2023,6:00,J28-J27,63
Monday,13/2/2023,6:00,J27-J26,49
Monday,13/2/2023,6:00,J26-J25,62
Monday,13/2/2023,6:00,J25-J24A,60
Monday,13/2/2023,6:00,J24A-J24,63
Monday,13/2/2023,6:00,J24-J23A,62
Monday,13/2/2023,6:00,J23A-J23,64
Monday,13/2/2023,6:00,J23-J22,61
Monday,13/2/2023,6:00,J22-J21A,61
Monday,13/2/2023,6:00,J21A-J21,63
Monday,13/2/2023,6:00,J21-J20,54
Monday,13/2/2023,6:00,J20-J19,62
Monday,13/2/2023,6:00,J19-J18,64
Monday,13/2/2023,6:00,J18-J17,61
Monday,13/2/2023,6:00,J17-J16,62
Monday,13/2/2023,6:00,J16-J15A,63
Monday,13/2/2023,6:00,J15A-J15,60
Monday,13/2/2023,6:00,J15-J14,62
Monday,13/2/2023,6:00,J14-J13,62
Monday,13/2/2023,6:00,J13-J12,63
Monday,13/2/2023,6:00,J12-J11A,68
Monday,13/2/2023,6:00,J11A-J11,60
Monday,13/2/2023,6:00,J11-J10,63
Monday,13/2/2023,6:00,J10-J9,59
Monday,13/2/2023,6:00,J9-J8,67
Monday,13/2/2023,6:00,J8-J7,65
Monday,13/2/2023,6:00,J7-J6A,62
Monday,13/2/2023,6:00,J6A-J6,65
Monday,13/2/2023,6:00,J6-J5,63
Monday,13/2/2023,6:00,J5-J4,68
Monday,13/2/2023,6:00,J4-J2,59
Monday,13/2/2023,6:00,J2-J1,54
Tuesday,14/2/2023,6:00,J48-J47,68
Tuesday,14/2/2023,6:00,J47-J46,70
Tuesday,14/2/2023,6:00,J46-J45,69
Tuesday,14/2/2023,6:00,J45-J43|44,59
Tuesday,14/2/2023,6:00,J43|44 - J42,55
Tuesday,14/2/2023,6:00,J42-J41,61
Tuesday,14/2/2023,6:00,J41-J40,63
Tuesday,14/2/2023,6:00,J40-J39,63
Tuesday,14/2/2023,6:00,J39-J38,49
Tuesday,14/2/2023,6:00,J38-J37,60
Tuesday,14/2/2023,6:00,J37-J36,62
Tuesday,14/2/2023,6:00,J36-J35A,69
Tuesday,14/2/2023,6:00,J35A-J35,62
Tuesday,14/2/2023,6:00,J35-J34,65
Tuesday,14/2/2023,6:00,J34-J33,61
Tuesday,14/2/2023,6:00,J33-J32,60
Tuesday,14/2/2023,6:00,J32-J31,63
Tuesday,14/2/2023,6:00,J31-J30,63
Tuesday,14/2/2023,6:00,J30-J29A,64
Tuesday,14/2/2023,6:00,J29A-J29,60
Tuesday,14/2/2023,6:00,J29-J28,61
Tuesday,14/2/2023,6:00,J28-J27,60
Tuesday,14/2/2023,6:00,J27-J26,64
Tuesday,14/2/2023,6:00,J26-J25,57
Tuesday,14/2/2023,6:00,J25-J24A,60
Tuesday,14/2/2023,6:00,J24A-J24,61
Tuesday,14/2/2023,6:00,J24-J23A,60
Tuesday,14/2/2023,6:00,J23A-J23,60
Tuesday,14/2/2023,6:00,J23-J22,61
Tuesday,14/2/2023,6:00,J22-J21A,65
Tuesday,14/2/2023,6:00,J21A-J21,63
Tuesday,14/2/2023,6:00,J21-J20,62
Tuesday,14/2/2023,6:00,J20-J19,64
Tuesday,14/2/2023,6:00,J19-J18,64
Tuesday,14/2/2023,6:00,J18-J17,58
Tuesday,14/2/2023,6:00,J17-J16,60
Tuesday,14/2/2023,6:00,J16-J15A,61
Tuesday,14/2/2023,6:00,J15A-J15,68
Tuesday,14/2/2023,6:00,J15-J14,61
Tuesday,14/2/2023,6:00,J14-J13,64
Tuesday,14/2/2023,6:00,J13-J12,66
Tuesday,14/2/2023,6:00,J12-J11A,61
Tuesday,14/2/2023,6:00,J11A-J11,65
Tuesday,14/2/2023,6:00,J11-J10,58
Tuesday,14/2/2023,6:00,J10-J9,66
Tuesday,14/2/2023,6:00,J9-J8,61
Tuesday,14/2/2023,6:00,J8-J7,65
Tuesday,14/2/2023,6:00,J7-J6A,70
Tuesday,14/2/2023,6:00,J6A-J6,65
Tuesday,14/2/2023,6:00,J6-J5,66
Tuesday,14/2/2023,6:00,J5-J4,55
Tuesday,14/2/2023,6:00,J4-J2,60
Tuesday,14/2/2023,6:00,J2-J1,59
Wednesday,15/2/2023,6:00,J48-J47,65
Wednesday,15/2/2023,6:00,J47-J46,64
Wednesday,15/2/2023,6:00,J46-J45,70
Wednesday,15/2/2023,6:00,J45-J43|44,60
Wednesday,15/2/2023,6:00,J43|44 - J42,55
Wednesday,15/2/2023,6:00,J42-J41,64
Wednesday,15/2/2023,6:00,J41-J40,65
Wednesday,15/2/2023,6:00,J40-J39,62
Wednesday,15/2/2023,6:00,J39-J38,61
Wednesday,15/2/2023,6:00,J38-J37,64
Wednesday,15/2/2023,6:00,J37-J36,66
Wednesday,15/2/2023,6:00,J36-J35A,66
Wednesday,15/2/2023,6:00,J35A-J35,62
Wednesday,15/2/2023,6:00,J35-J34,60
Wednesday,15/2/2023,6:00,J34-J33,63
Wednesday,15/2/2023,6:00,J33-J32,65
Wednesday,15/2/2023,6:00,J32-J31,64
Wednesday,15/2/2023,6:00,J31-J30,61
Wednesday,15/2/2023,6:00,J30-J29A,63
Wednesday,15/2/2023,6:00,J29A-J29,65
Wednesday,15/2/2023,6:00,J29-J28,67
Wednesday,15/2/2023,6:00,J28-J27,61
Wednesday,15/2/2023,6:00,J27-J26,67
Wednesday,15/2/2023,6:00,J26-J25,65
Wednesday,15/2/2023,6:00,J25-J24A,68
Wednesday,15/2/2023,6:00,J24A-J24,67
Wednesday,15/2/2023,6:00,J24-J23A,68
Wednesday,15/2/2023,6:00,J23A-J23,69
Wednesday,15/2/2023,6:00,J23-J22,60
Wednesday,15/2/2023,6:00,J22-J21A,60
Wednesday,15/2/2023,6:00,J21A-J21,62
Wednesday,15/2/2023,6:00,J21-J20,60
Wednesday,15/2/2023,6:00,J20-J19,59
Wednesday,15/2/2023,6:00,J19-J18,58
Wednesday,15/2/2023,6:00,J18-J17,62
Wednesday,15/2/2023,6:00,J17-J16,60
Wednesday,15/2/2023,6:00,J16-J15A,59
Wednesday,15/2/2023,6:00,J15A-J15,67
Wednesday,15/2/2023,6:00,J15-J14,65
Wednesday,15/2/2023,6:00,J14-J13,68
Wednesday,15/2/2023,6:00,J13-J12,65
Wednesday,15/2/2023,6:00,J12-J11A,60
Wednesday,15/2/2023,6:00,J11A-J11,64
Wednesday,15/2/2023,6:00,J11-J10,61
Wednesday,15/2/2023,6:00,J10-J9,60
Wednesday,15/2/2023,6:00,J9-J8,58
Wednesday,15/2/2023,6:00,J8-J7,50
Wednesday,15/2/2023,6:00,J7-J6A,42
Wednesday,15/2/2023,6:00,J6A-J6,60
Wednesday,15/2/2023,6:00,J6-J5,61
Wednesday,15/2/2023,6:00,J5-J4,60
Wednesday,15/2/2023,6:00,J4-J2,62
Wednesday,15/2/2023,6:00,J2-J1,56
Thursday,16/2/2023,6:00,J48-J47,62
Thursday,16/2/2023,6:00,J47-J46,65
Thursday,16/2/2023,6:00,J46-J45,61
Thursday,16/2/2023,6:00,J45-J43|44,48
Thursday,16/2/2023,6:00,J43|44 - J42,52
Thursday,16/2/2023,6:00,J42-J41,68
Thursday,16/2/2023,6:00,J41-J40,65
Thursday,16/2/2023,6:00,J40-J39,69
Thursday,16/2/2023,6:00,J39-J38,70
Thursday,16/2/2023,6:00,J38-J37,62
Thursday,16/2/2023,6:00,J37-J36,60
Thursday,16/2/2023,6:00,J36-J35A,65
Thursday,16/2/2023,6:00,J35A-J35,60
Thursday,16/2/2023,6:00,J35-J34,63
Thursday,16/2/2023,6:00,J34-J33,60
Thursday,16/2/2023,6:00,J33-J32,61
Thursday,16/2/2023,6:00,J32-J31,60
Thursday,16/2/2023,6:00,J31-J30,61
Thursday,16/2/2023,6:00,J30-J29A,62
Thursday,16/2/2023,6:00,J29A-J29,61
Thursday,16/2/2023,6:00,J29-J28,65
Thursday,16/2/2023,6:00,J28-J27,61
Thursday,16/2/2023,6:00,J27-J26,60
Thursday,16/2/2023,6:00,J26-J25,62
Thursday,16/2/2023,6:00,J25-J24A,60
Thursday,16/2/2023,6:00,J24A-J24,60
Thursday,16/2/2023,6:00,J24-J23A,61
Thursday,16/2/2023,6:00,J23A-J23,59
Thursday,16/2/2023,6:00,J23-J22,55
Thursday,16/2/2023,6:00,J22-J21A,61
Thursday,16/2/2023,6:00,J21A-J21,62
Thursday,16/2/2023,6:00,J21-J20,61
Thursday,16/2/2023,6:00,J20-J19,63
Thursday,16/2/2023,6:00,J19-J18,65
Thursday,16/2/2023,6:00,J18-J17,65
Thursday,16/2/2023,6:00,J17-J16,69
Thursday,16/2/2023,6:00,J16-J15A,63
Thursday,16/2/2023,6:00,J15A-J15,67
Thursday,16/2/2023,6:00,J15-J14,66
Thursday,16/2/2023,6:00,J14-J13,64
Thursday,16/2/2023,6:00,J13-J12,64
Thursday,16/2/2023,6:00,J12-J11A,66
Thursday,16/2/2023,6:00,J11A-J11,66
Thursday,16/2/2023,6:00,J11-J10,62
Thursday,16/2/2023,6:00,J10-J9,67
Thursday,16/2/2023,6:00,J9-J8,69
Thursday,16/2/2023,6:00,J8-J7,69
Thursday,16/2/2023,6:00,J7-J6A,67
Thursday,16/2/2023,6:00,J6A-J6,69
Thursday,16/2/2023,6:00,J6-J5,60
Thursday,16/2/2023,6:00,J5-J4,62
Thursday,16/2/2023,6:00,J4-J2,63
Thursday,16/2/2023,6:00,J2-J1,63
Friday,17/2/2023,12:00,J48-J47,60
Friday,17/2/2023,12:00,J47-J46,60
Friday,17/2/2023,12:00,J46-J45,61
Friday,17/2/2023,12:00,J45-J43|44,45
Friday,17/2/2023,12:00,J43|44 - J42,50
Friday,17/2/2023,12:00,J42-J41,52
Friday,17/2/2023,12:00,J41-J40,69
Friday,17/2/2023,12:00,J40-J39,59
Friday,17/2/2023,12:00,J39-J38,52
Friday,17/2/2023,12:00,J38-J37,68
Friday,17/2/2023,12:00,J37-J36,60
Friday,17/2/2023,12:00,J36-J35A,61
Friday,17/2/2023,12:00,J35A-J35,62
Friday,17/2/2023,12:00,J35-J34,61
Friday,17/2/2023,12:00,J34-J33,67
Friday,17/2/2023,12:00,J33-J32,68
Friday,17/2/2023,12:00,J32-J31,69
Friday,17/2/2023,12:00,J31-J30,60
Friday,17/2/2023,12:00,J30-J29A,62
Friday,17/2/2023,12:00,J29A-J29,68
Friday,17/2/2023,12:00,J29-J28,60
Friday,17/2/2023,12:00,J28-J27,61
Friday,17/2/2023,12:00,J27-J26,63
Friday,17/2/2023,12:00,J26-J25,70
Friday,17/2/2023,12:00,J25-J24A,60
Friday,17/2/2023,12:00,J24A-J24,64
Friday,17/2/2023,12:00,J24-J23A,66
Friday,17/2/2023,12:00,J23A-J23,61
Friday,17/2/2023,12:00,J23-J22,61
Friday,17/2/2023,12:00,J22-J21A,62
Friday,17/2/2023,12:00,J21A-J21,58
Friday,17/2/2023,12:00,J21-J20,59
Friday,17/2/2023,12:00,J20-J19,61
Friday,17/2/2023,12:00,J19-J18,68
Friday,17/2/2023,12:00,J18-J17,59
Friday,17/2/2023,12:00,J17-J16,54
Friday,17/2/2023,12:00,J16-J15A,48
Friday,17/2/2023,12:00,J15A-J15,66
Friday,17/2/2023,12:00,J15-J14,64
Friday,17/2/2023,12:00,J14-J13,45
Friday,17/2/2023,12:00,J13-J12,61
Friday,17/2/2023,12:00,J12-J11A,60
Friday,17/2/2023,12:00,J11A-J11,70
Friday,17/2/2023,12:00,J11-J10,65
Friday,17/2/2023,12:00,J10-J9,62
Friday,17/2/2023,12:00,J9-J8,61
Friday,17/2/2023,12:00,J8-J7,68
Friday,17/2/2023,12:00,J7-J6A,60
Friday,17/2/2023,12:00,J6A-J6,52
Friday,17/2/2023,12:00,J6-J5,53
Friday,17/2/2023,12:00,J5-J4,67
Friday,17/2/2023,12:00,J4-J2,57
Friday,17/2/2023,12:00,J2-J1,58
Saturday,18/2/2023,12:00,J48-J47,62
Saturday,18/2/2023,12:00,J47-J46,64
Saturday,18/2/2023,12:00,J46-J45,68
Saturday,18/2/2023,12:00,J45-J43|44,59
Saturday,18/2/2023,12:00,J43|44 - J42,59
Saturday,18/2/2023,12:00,J42-J41,65
Saturday,18/2/2023,12:00,J41-J40,61
Saturday,18/2/2023,12:00,J40-J39,60
Saturday,18/2/2023,12:00,J39-J38,61
Saturday,18/2/2023,12:00,J38-J37,61
Saturday,18/2/2023,12:00,J37-J36,62
Saturday,18/2/2023,12:00,J36-J35A,63
Saturday,18/2/2023,12:00,J35A-J35,64
Saturday,18/2/2023,12:00,J35-J34,62
Saturday,18/2/2023,12:00,J34-J33,65
Saturday,18/2/2023,12:00,J33-J32,64
Saturday,18/2/2023,12:00,J32-J31,63
Saturday,18/2/2023,12:00,J31-J30,65
Saturday,18/2/2023,12:00,J30-J29A,70
Saturday,18/2/2023,12:00,J29A-J29,65
Saturday,18/2/2023,12:00,J29-J28,68
Saturday,18/2/2023,12:00,J28-J27,62
Saturday,18/2/2023,12:00,J27-J26,61
Saturday,18/2/2023,12:00,J26-J25,60
Saturday,18/2/2023,12:00,J25-J24A,61
Saturday,18/2/2023,12:00,J24A-J24,60
Saturday,18/2/2023,12:00,J24-J23A,62
Saturday,18/2/2023,12:00,J23A-J23,63
Saturday,18/2/2023,12:00,J23-J22,64
Saturday,18/2/2023,12:00,J22-J21A,65
Saturday,18/2/2023,12:00,J21A-J21,65
Saturday,18/2/2023,12:00,J21-J20,65
Saturday,18/2/2023,12:00,J20-J19,68
Saturday,18/2/2023,12:00,J19-J18,70
Saturday,18/2/2023,12:00,J18-J17,70
Saturday,18/2/2023,12:00,J17-J16,61
Saturday,18/2/2023,12:00,J16-J15A,62
Saturday,18/2/2023,12:00,J15A-J15,60
Saturday,18/2/2023,12:00,J15-J14,65
Saturday,18/2/2023,12:00,J14-J13,65
Saturday,18/2/2023,12:00,J13-J12,64
Saturday,18/2/2023,12:00,J12-J11A,63
Saturday,18/2/2023,12:00,J11A-J11,62
Saturday,18/2/2023,12:00,J11-J10,62
Saturday,18/2/2023,12:00,J10-J9,62
Saturday,18/2/2023,12:00,J9-J8,61
Saturday,18/2/2023,12:00,J8-J7,64
Saturday,18/2/2023,12:00,J7-J6A,60
Saturday,18/2/2023,12:00,J6A-J6,62
Saturday,18/2/2023,12:00,J6-J5,62
Saturday,18/2/2023,12:00,J5-J4,63
Saturday,18/2/2023,12:00,J4-J2,65
Saturday,18/2/2023,12:00,J2-J1,64
Sunday,19/2/2023,12:00,J48-J47,62
Sunday,19/2/2023,12:00,J47-J46,64
Sunday,19/2/2023,12:00,J46-J45,60
Sunday,19/2/2023,12:00,J45-J43|44,60
Sunday,19/2/2023,12:00,J43|44 - J42,58
Sunday,19/2/2023,12:00,J42-J41,61
Sunday,19/2/2023,12:00,J41-J40,63
Sunday,19/2/2023,12:00,J40-J39,63
Sunday,19/2/2023,12:00,J39-J38,65
Sunday,19/2/2023,12:00,J38-J37,68
Sunday,19/2/2023,12:00,J37-J36,69
Sunday,19/2/2023,12:00,J36-J35A,69
Sunday,19/2/2023,12:00,J35A-J35,68
Sunday,19/2/2023,12:00,J35-J34,63
Sunday,19/2/2023,12:00,J34-J33,63
Sunday,19/2/2023,12:00,J33-J32,62
Sunday,19/2/2023,12:00,J32-J31,63
Sunday,19/2/2023,12:00,J31-J30,63
Sunday,19/2/2023,12:00,J30-J29A,64
Sunday,19/2/2023,12:00,J29A-J29,68
Sunday,19/2/2023,12:00,J29-J28,63
Sunday,19/2/2023,12:00,J28-J27,62
Sunday,19/2/2023,12:00,J27-J26,60
Sunday,19/2/2023,12:00,J26-J25,61
Sunday,19/2/2023,12:00,J25-J24A,60
Sunday,19/2/2023,12:00,J24A-J24,63
Sunday,19/2/2023,12:00,J24-J23A,62
Sunday,19/2/2023,12:00,J23A-J23,62
Sunday,19/2/2023,12:00,J23-J22,70
Sunday,19/2/2023,12:00,J22-J21A,62
Sunday,19/2/2023,12:00,J21A-J21,70
Sunday,19/2/2023,12:00,J21-J20,70
Sunday,19/2/2023,12:00,J20-J19,70
Sunday,19/2/2023,12:00,J19-J18,67
Sunday,19/2/2023,12:00,J18-J17,68
Sunday,19/2/2023,12:00,J17-J16,68
Sunday,19/2/2023,12:00,J16-J15A,67
Sunday,19/2/2023,12:00,J15A-J15,60
Sunday,19/2/2023,12:00,J15-J14,65
Sunday,19/2/2023,12:00,J14-J13,65
Sunday,19/2/2023,12:00,J13-J12,62
Sunday,19/2/2023,12:00,J12-J11A,63
Sunday,19/2/2023,12:00,J11A-J11,63
Sunday,19/2/2023,12:00,J11-J10,63
Sunday,19/2/2023,12:00,J10-J9,63
Sunday,19/2/2023,12:00,J9-J8,62
Sunday,19/2/2023,12:00,J8-J7,62
Sunday,19/2/2023,12:00,J7-J6A,60
Sunday,19/2/2023,12:00,J6A-J6,61
Sunday,19/2/2023,12:00,J6-J5,62
Sunday,19/2/2023,12:00,J5-J4,64
Sunday,19/2/2023,12:00,J4-J2,65
Sunday,19/2/2023,12:00,J2-J1,60
Monday,20/2/2023,12:00,J48-J47,65
Monday,20/2/2023,12:00,J47-J46,61
Monday,20/2/2023,12:00,J46-J45,62
Monday,20/2/2023,12:00,J45-J43|44,55
Monday,20/2/2023,12:00,J43|44 - J42,51
Monday,20/2/2023,12:00,J42-J41,59
Monday,20/2/2023,12:00,J41-J40,62
Monday,20/2/2023,12:00,J40-J39,45
Monday,20/2/2023,12:00,J39-J38,42
Monday,20/2/2023,12:00,J38-J37,68
Monday,20/2/2023,12:00,J37-J36,59
Monday,20/2/2023,12:00,J36-J35A,59
Monday,20/2/2023,12:00,J35A-J35,62
Monday,20/2/2023,12:00,J35-J34,60
Monday,20/2/2023,12:00,J34-J33,62
Monday,20/2/2023,12:00,J33-J32,62
Monday,20/2/2023,12:00,J32-J31,64
Monday,20/2/2023,12:00,J31-J30,65
Monday,20/2/2023,12:00,J30-J29A,63
Monday,20/2/2023,12:00,J29A-J29,68
Monday,20/2/2023,12:00,J29-J28,68
Monday,20/2/2023,12:00,J28-J27,69
Monday,20/2/2023,12:00,J27-J26,67
Monday,20/2/2023,12:00,J26-J25,67
Monday,20/2/2023,12:00,J25-J24A,62
Monday,20/2/2023,12:00,J24A-J24,65
Monday,20/2/2023,12:00,J24-J23A,63
Monday,20/2/2023,12:00,J23A-J23,62
Monday,20/2/2023,12:00,J23-J22,63
Monday,20/2/2023,12:00,J22-J21A,63
Monday,20/2/2023,12:00,J21A-J21,61
Monday,20/2/2023,12:00,J21-J20,64
Monday,20/2/2023,12:00,J20-J19,62
Monday,20/2/2023,12:00,J19-J18,63
Monday,20/2/2023,12:00,J18-J17,66
Monday,20/2/2023,12:00,J17-J16,66
Monday,20/2/2023,12:00,J16-J15A,68
Monday,20/2/2023,12:00,J15A-J15,67
Monday,20/2/2023,12:00,J15-J14,60
Monday,20/2/2023,12:00,J14-J13,58
Monday,20/2/2023,12:00,J13-J12,59
Monday,20/2/2023,12:00,J12-J11A,60
Monday,20/2/2023,12:00,J11A-J11,60
Monday,20/2/2023,12:00,J11-J10,61
Monday,20/2/2023,12:00,J10-J9,63
Monday,20/2/2023,12:00,J9-J8,65
Monday,20/2/2023,12:00,J8-J7,65
Monday,20/2/2023,12:00,J7-J6A,62
Monday,20/2/2023,12:00,J6A-J6,70
Monday,20/2/2023,12:00,J6-J5,65
Monday,20/2/2023,12:00,J5-J4,63
Monday,20/2/2023,12:00,J4-J2,49
Monday,20/2/2023,12:00,J2-J1,60
Tuesday,21/2/2023,12:00,J48-J47,62
Tuesday,21/2/2023,12:00,J47-J46,64
Tuesday,21/2/2023,12:00,J46-J45,68
Tuesday,21/2/2023,12:00,J45-J43|44,57
Tuesday,21/2/2023,12:00,J43|44 - J42,60
Tuesday,21/2/2023,12:00,J42-J41,65
Tuesday,21/2/2023,12:00,J41-J40,62
Tuesday,21/2/2023,12:00,J40-J39,62
Tuesday,21/2/2023,12:00,J39-J38,63
Tuesday,21/2/2023,12:00,J38-J37,62
Tuesday,21/2/2023,12:00,J37-J36,61
Tuesday,21/2/2023,12:00,J36-J35A,62
Tuesday,21/2/2023,12:00,J35A-J35,68
Tuesday,21/2/2023,12:00,J35-J34,69
Tuesday,21/2/2023,12:00,J34-J33,62
Tuesday,21/2/2023,12:00,J33-J32,54
Tuesday,21/2/2023,12:00,J32-J31,59
Tuesday,21/2/2023,12:00,J31-J30,59
Tuesday,21/2/2023,12:00,J30-J29A,60
Tuesday,21/2/2023,12:00,J29A-J29,61
Tuesday,21/2/2023,12:00,J29-J28,61
Tuesday,21/2/2023,12:00,J28-J27,60
Tuesday,21/2/2023,12:00,J27-J26,63
Tuesday,21/2/2023,12:00,J26-J25,64
Tuesday,21/2/2023,12:00,J25-J24A,63
Tuesday,21/2/2023,12:00,J24A-J24,61
Tuesday,21/2/2023,12:00,J24-J23A,65
Tuesday,21/2/2023,12:00,J23A-J23,61
Tuesday,21/2/2023,12:00,J23-J22,60
Tuesday,21/2/2023,12:00,J22-J21A,64
Tuesday,21/2/2023,12:00,J21A-J21,60
Tuesday,21/2/2023,12:00,J21-J20,67
Tuesday,21/2/2023,12:00,J20-J19,59
Tuesday,21/2/2023,12:00,J19-J18,58
Tuesday,21/2/2023,12:00,J18-J17,64
Tuesday,21/2/2023,12:00,J17-J16,61
Tuesday,21/2/2023,12:00,J16-J15A,67
Tuesday,21/2/2023,12:00,J15A-J15,48
Tuesday,21/2/2023,12:00,J15-J14,61
Tuesday,21/2/2023,12:00,J14-J13,63
Tuesday,21/2/2023,12:00,J13-J12,54
Tuesday,21/2/2023,12:00,J12-J11A,68
Tuesday,21/2/2023,12:00,J11A-J11,64
Tuesday,21/2/2023,12:00,J11-J10,61
Tuesday,21/2/2023,12:00,J10-J9,63
Tuesday,21/2/2023,12:00,J9-J8,60
Tuesday,21/2/2023,12:00,J8-J7,57
Tuesday,21/2/2023,12:00,J7-J6A,56
Tuesday,21/2/2023,12:00,J6A-J6,63
Tuesday,21/2/2023,12:00,J6-J5,64
Tuesday,21/2/2023,12:00,J5-J4,63
Tuesday,21/2/2023,12:00,J4-J2,65
Tuesday,21/2/2023,12:00,J2-J1,62
Wednesday,22/2/2023,12:00,J48-J47,69
Wednesday,22/2/2023,12:00,J47-J46,61
Wednesday,22/2/2023,12:00,J46-J45,65
Wednesday,22/2/2023,12:00,J45-J43|44,64
Wednesday,22/2/2023,12:00,J43|44 - J42,49
Wednesday,22/2/2023,12:00,J42-J41,61
Wednesday,22/2/2023,12:00,J41-J40,65
Wednesday,22/2/2023,12:00,J40-J39,61
Wednesday,22/2/2023,12:00,J39-J38,66
Wednesday,22/2/2023,12:00,J38-J37,65
Wednesday,22/2/2023,12:00,J37-J36,65
Wednesday,22/2/2023,12:00,J36-J35A,60
Wednesday,22/2/2023,12:00,J35A-J35,68
Wednesday,22/2/2023,12:00,J35-J34,59
Wednesday,22/2/2023,12:00,J34-J33,60
Wednesday,22/2/2023,12:00,J33-J32,60
Wednesday,22/2/2023,12:00,J32-J31,60
Wednesday,22/2/2023,12:00,J31-J30,65
Wednesday,22/2/2023,12:00,J30-J29A,63
Wednesday,22/2/2023,12:00,J29A-J29,64
Wednesday,22/2/2023,12:00,J29-J28,68
Wednesday,22/2/2023,12:00,J28-J27,66
Wednesday,22/2/2023,12:00,J27-J26,62
Wednesday,22/2/2023,12:00,J26-J25,61
Wednesday,22/2/2023,12:00,J25-J24A,65
Wednesday,22/2/2023,12:00,J24A-J24,68
Wednesday,22/2/2023,12:00,J24-J23A,68
Wednesday,22/2/2023,12:00,J23A-J23,62
Wednesday,22/2/2023,12:00,J23-J22,61
Wednesday,22/2/2023,12:00,J22-J21A,68
Wednesday,22/2/2023,12:00,J21A-J21,69
Wednesday,22/2/2023,12:00,J21-J20,70
Wednesday,22/2/2023,12:00,J20-J19,62
Wednesday,22/2/2023,12:00,J19-J18,61
Wednesday,22/2/2023,12:00,J18-J17,61
Wednesday,22/2/2023,12:00,J17-J16,63
Wednesday,22/2/2023,12:00,J16-J15A,60
Wednesday,22/2/2023,12:00,J15A-J15,60
Wednesday,22/2/2023,12:00,J15-J14,59
Wednesday,22/2/2023,12:00,J14-J13,58
Wednesday,22/2/2023,12:00,J13-J12,68
Wednesday,22/2/2023,12:00,J12-J11A,60
Wednesday,22/2/2023,12:00,J11A-J11,45
Wednesday,22/2/2023,12:00,J11-J10,59
Wednesday,22/2/2023,12:00,J10-J9,58
Wednesday,22/2/2023,12:00,J9-J8,62
Wednesday,22/2/2023,12:00,J8-J7,61
Wednesday,22/2/2023,12:00,J7-J6A,60
Wednesday,22/2/2023,12:00,J6A-J6,58
Wednesday,22/2/2023,12:00,J6-J5,57
Wednesday,22/2/2023,12:00,J5-J4,62
Wednesday,22/2/2023,12:00,J4-J2,60
Wednesday,22/2/2023,12:00,J2-J1,53
Thursday,23/2/2023,12:00,J48-J47,68
Thursday,23/2/2023,12:00,J47-J46,64
Thursday,23/2/2023,12:00,J46-J45,68
Thursday,23/2/2023,12:00,J45-J43|44,61
Thursday,23/2/2023,12:00,J43|44 - J42,59
Thursday,23/2/2023,12:00,J42-J41,52
Thursday,23/2/2023,12:00,J41-J40,50
Thursday,23/2/2023,12:00,J40-J39,61
Thursday,23/2/2023,12:00,J39-J38,60
Thursday,23/2/2023,12:00,J38-J37,62
Thursday,23/2/2023,12:00,J37-J36,64
Thursday,23/2/2023,12:00,J36-J35A,62
Thursday,23/2/2023,12:00,J35A-J35,60
Thursday,23/2/2023,12:00,J35-J34,62
Thursday,23/2/2023,12:00,J34-J33,60
Thursday,23/2/2023,12:00,J33-J32,60
Thursday,23/2/2023,12:00,J32-J31,59
Thursday,23/2/2023,12:00,J31-J30,51
Thursday,23/2/2023,12:00,J30-J29A,70
Thursday,23/2/2023,12:00,J29A-J29,70
Thursday,23/2/2023,12:00,J29-J28,60
Thursday,23/2/2023,12:00,J28-J27,62
Thursday,23/2/2023,12:00,J27-J26,60
Thursday,23/2/2023,12:00,J26-J25,61
Thursday,23/2/2023,12:00,J25-J24A,60
Thursday,23/2/2023,12:00,J24A-J24,60
Thursday,23/2/2023,12:00,J24-J23A,65
Thursday,23/2/2023,12:00,J23A-J23,63
Thursday,23/2/2023,12:00,J23-J22,64
Thursday,23/2/2023,12:00,J22-J21A,64
Thursday,23/2/2023,12:00,J21A-J21,59
Thursday,23/2/2023,12:00,J21-J20,55
Thursday,23/2/2023,12:00,J20-J19,52
Thursday,23/2/2023,12:00,J19-J18,61
Thursday,23/2/2023,12:00,J18-J17,61
Thursday,23/2/2023,12:00,J17-J16,62
Thursday,23/2/2023,12:00,J16-J15A,63
Thursday,23/2/2023,12:00,J15A-J15,57
Thursday,23/2/2023,12:00,J15-J14,58
Thursday,23/2/2023,12:00,J14-J13,62
Thursday,23/2/2023,12:00,J13-J12,63
Thursday,23/2/2023,12:00,J12-J11A,61
Thursday,23/2/2023,12:00,J11A-J11,63
Thursday,23/2/2023,12:00,J11-J10,59
Thursday,23/2/2023,12:00,J10-J9,60
Thursday,23/2/2023,12:00,J9-J8,60
Thursday,23/2/2023,12:00,J8-J7,61
Thursday,23/2/2023,12:00,J7-J6A,63
Thursday,23/2/2023,12:00,J6A-J6,61
Thursday,23/2/2023,12:00,J6-J5,68
Thursday,23/2/2023,12:00,J5-J4,59
Thursday,23/2/2023,12:00,J4-J2,51
Thursday,23/2/2023,12:00,J2-J1,55
Friday,24/2/2023,20:00,J48-J47,65
Friday,24/2/2023,20:00,J47-J46,68
Friday,24/2/2023,20:00,J46-J45,67
Friday,24/2/2023,20:00,J45-J43|44,60
Friday,24/2/2023,20:00,J43|44 - J42,59
Friday,24/2/2023,20:00,J42-J41,62
Friday,24/2/2023,20:00,J41-J40,60
Friday,24/2/2023,20:00,J40-J39,62
Friday,24/2/2023,20:00,J39-J38,68
Friday,24/2/2023,20:00,J38-J37,63
Friday,24/2/2023,20:00,J37-J36,64
Friday,24/2/2023,20:00,J36-J35A,65
Friday,24/2/2023,20:00,J35A-J35,60
Friday,24/2/2023,20:00,J35-J34,62
Friday,24/2/2023,20:00,J34-J33,68
Friday,24/2/2023,20:00,J33-J32,62
Friday,24/2/2023,20:00,J32-J31,65
Friday,24/2/2023,20:00,J31-J30,61
Friday,24/2/2023,20:00,J30-J29A,62
Friday,24/2/2023,20:00,J29A-J29,61
Friday,24/2/2023,20:00,J29-J28,63
Friday,24/2/2023,20:00,J28-J27,62
Friday,24/2/2023,20:00,J27-J26,62
Friday,24/2/2023,20:00,J26-J25,61
Friday,24/2/2023,20:00,J25-J24A,60
Friday,24/2/2023,20:00,J24A-J24,60
Friday,24/2/2023,20:00,J24-J23A,64
Friday,24/2/2023,20:00,J23A-J23,68
Friday,24/2/2023,20:00,J23-J22,62
Friday,24/2/2023,20:00,J22-J21A,63
Friday,24/2/2023,20:00,J21A-J21,60
Friday,24/2/2023,20:00,J21-J20,58
Friday,24/2/2023,20:00,J20-J19,57
Friday,24/2/2023,20:00,J19-J18,60
Friday,24/2/2023,20:00,J18-J17,62
Friday,24/2/2023,20:00,J17-J16,62
Friday,24/2/2023,20:00,J16-J15A,70
Friday,24/2/2023,20:00,J15A-J15,70
Friday,24/2/2023,20:00,J15-J14,65
Friday,24/2/2023,20:00,J14-J13,63
Friday,24/2/2023,20:00,J13-J12,64
Friday,24/2/2023,20:00,J12-J11A,63
Friday,24/2/2023,20:00,J11A-J11,64
Friday,24/2/2023,20:00,J11-J10,68
Friday,24/2/2023,20:00,J10-J9,69
Friday,24/2/2023,20:00,J9-J8,69
Friday,24/2/2023,20:00,J8-J7,60
Friday,24/2/2023,20:00,J7-J6A,62
Friday,24/2/2023,20:00,J6A-J6,54
Friday,24/2/2023,20:00,J6-J5,60
Friday,24/2/2023,20:00,J5-J4,51
Friday,24/2/2023,20:00,J4-J2,60
Friday,24/2/2023,20:00,J2-J1,63
Saturday,25/2/2023,20:00,J48-J47,63
Saturday,25/2/2023,20:00,J47-J46,63
Saturday,25/2/2023,20:00,J46-J45,60
Saturday,25/2/2023,20:00,J45-J43|44,58
Saturday,25/2/2023,20:00,J43|44 - J42,60
Saturday,25/2/2023,20:00,J42-J41,62
Saturday,25/2/2023,20:00,J41-J40,64
Saturday,25/2/2023,20:00,J40-J39,68
Saturday,25/2/2023,20:00,J39-J38,69
Saturday,25/2/2023,20:00,J38-J37,61
Saturday,25/2/2023,20:00,J37-J36,60
Saturday,25/2/2023,20:00,J36-J35A,61
Saturday,25/2/2023,20:00,J35A-J35,63
Saturday,25/2/2023,20:00,J35-J34,65
Saturday,25/2/2023,20:00,J34-J33,67
Saturday,25/2/2023,20:00,J33-J32,62
Saturday,25/2/2023,20:00,J32-J31,65
Saturday,25/2/2023,20:00,J31-J30,67
Saturday,25/2/2023,20:00,J30-J29A,70
Saturday,25/2/2023,20:00,J29A-J29,70
Saturday,25/2/2023,20:00,J29-J28,70
Saturday,25/2/2023,20:00,J28-J27,68
Saturday,25/2/2023,20:00,J27-J26,70
Saturday,25/2/2023,20:00,J26-J25,62
Saturday,25/2/2023,20:00,J25-J24A,63
Saturday,25/2/2023,20:00,J24A-J24,70
Saturday,25/2/2023,20:00,J24-J23A,70
Saturday,25/2/2023,20:00,J23A-J23,65
Saturday,25/2/2023,20:00,J23-J22,65
Saturday,25/2/2023,20:00,J22-J21A,63
Saturday,25/2/2023,20:00,J21A-J21,68
Saturday,25/2/2023,20:00,J21-J20,65
Saturday,25/2/2023,20:00,J20-J19,63
Saturday,25/2/2023,20:00,J19-J18,61
Saturday,25/2/2023,20:00,J18-J17,61
Saturday,25/2/2023,20:00,J17-J16,60
Saturday,25/2/2023,20:00,J16-J15A,62
Saturday,25/2/2023,20:00,J15A-J15,62
Saturday,25/2/2023,20:00,J15-J14,67
Saturday,25/2/2023,20:00,J14-J13,65
Saturday,25/2/2023,20:00,J13-J12,60
Saturday,25/2/2023,20:00,J12-J11A,68
Saturday,25/2/2023,20:00,J11A-J11,69
Saturday,25/2/2023,20:00,J11-J10,70
Saturday,25/2/2023,20:00,J10-J9,62
Saturday,25/2/2023,20:00,J9-J8,69
Saturday,25/2/2023,20:00,J8-J7,66
Saturday,25/2/2023,20:00,J7-J6A,65
Saturday,25/2/2023,20:00,J6A-J6,62
Saturday,25/2/2023,20:00,J6-J5,63
Saturday,25/2/2023,20:00,J5-J4,62
Saturday,25/2/2023,20:00,J4-J2,64
Saturday,25/2/2023,20:00,J2-J1,60
Sunday,26/2/2023,20:00,J48-J47,70
Sunday,26/2/2023,20:00,J47-J46,66
Sunday,26/2/2023,20:00,J46-J45,64
Sunday,26/2/2023,20:00,J45-J43|44,60
Sunday,26/2/2023,20:00,J43|44 - J42,58
Sunday,26/2/2023,20:00,J42-J41,64
Sunday,26/2/2023,20:00,J41-J40,60
Sunday,26/2/2023,20:00,J40-J39,65
Sunday,26/2/2023,20:00,J39-J38,67
Sunday,26/2/2023,20:00,J38-J37,68
Sunday,26/2/2023,20:00,J37-J36,65
Sunday,26/2/2023,20:00,J36-J35A,62
Sunday,26/2/2023,20:00,J35A-J35,63
Sunday,26/2/2023,20:00,J35-J34,61
Sunday,26/2/2023,20:00,J34-J33,60
Sunday,26/2/2023,20:00,J33-J32,68
Sunday,26/2/2023,20:00,J32-J31,69
Sunday,26/2/2023,20:00,J31-J30,68
Sunday,26/2/2023,20:00,J30-J29A,70
Sunday,26/2/2023,20:00,J29A-J29,70
Sunday,26/2/2023,20:00,J29-J28,70
Sunday,26/2/2023,20:00,J28-J27,64
Sunday,26/2/2023,20:00,J27-J26,70
Sunday,26/2/2023,20:00,J26-J25,70
Sunday,26/2/2023,20:00,J25-J24A,70
Sunday,26/2/2023,20:00,J24A-J24,63
Sunday,26/2/2023,20:00,J24-J23A,60
Sunday,26/2/2023,20:00,J23A-J23,64
Sunday,26/2/2023,20:00,J23-J22,63
Sunday,26/2/2023,20:00,J22-J21A,61
Sunday,26/2/2023,20:00,J21A-J21,65
Sunday,26/2/2023,20:00,J21-J20,64
Sunday,26/2/2023,20:00,J20-J19,63
Sunday,26/2/2023,20:00,J19-J18,63
Sunday,26/2/2023,20:00,J18-J17,64
Sunday,26/2/2023,20:00,J17-J16,68
Sunday,26/2/2023,20:00,J16-J15A,62
Sunday,26/2/2023,20:00,J15A-J15,63
Sunday,26/2/2023,20:00,J15-J14,61
Sunday,26/2/2023,20:00,J14-J13,63
Sunday,26/2/2023,20:00,J13-J12,68
Sunday,26/2/2023,20:00,J12-J11A,64
Sunday,26/2/2023,20:00,J11A-J11,66
Sunday,26/2/2023,20:00,J11-J10,70
Sunday,26/2/2023,20:00,J10-J9,70
Sunday,26/2/2023,20:00,J9-J8,66
Sunday,26/2/2023,20:00,J8-J7,62
Sunday,26/2/2023,20:00,J7-J6A,64
Sunday,26/2/2023,20:00,J6A-J6,65
Sunday,26/2/2023,20:00,J6-J5,63
Sunday,26/2/2023,20:00,J5-J4,69
Sunday,26/2/2023,20:00,J4-J2,65
Sunday,26/2/2023,20:00,J2-J1,62
Monday,27/2/2023,20:00,J48-J47,70
Monday,27/2/2023,20:00,J47-J46,70
Monday,27/2/2023,20:00,J46-J45,61
Monday,27/2/2023,20:00,J45-J43|44,64
Monday,27/2/2023,20:00,J43|44 - J42,48
Monday,27/2/2023,20:00,J42-J41,63
Monday,27/2/2023,20:00,J41-J40,68
Monday,27/2/2023,20:00,J40-J39,65
Monday,27/2/2023,20:00,J39-J38,66
Monday,27/2/2023,20:00,J38-J37,69
Monday,27/2/2023,20:00,J37-J36,67
Monday,27/2/2023,20:00,J36-J35A,67
Monday,27/2/2023,20:00,J35A-J35,65
Monday,27/2/2023,20:00,J35-J34,64
Monday,27/2/2023,20:00,J34-J33,50
Monday,27/2/2023,20:00,J33-J32,43
Monday,27/2/2023,20:00,J32-J31,60
Monday,27/2/2023,20:00,J31-J30,62
Monday,27/2/2023,20:00,J30-J29A,65
Monday,27/2/2023,20:00,J29A-J29,63
Monday,27/2/2023,20:00,J29-J28,64
Monday,27/2/2023,20:00,J28-J27,64
Monday,27/2/2023,20:00,J27-J26,65
Monday,27/2/2023,20:00,J26-J25,69
Monday,27/2/2023,20:00,J25-J24A,70
Monday,27/2/2023,20:00,J24A-J24,70
Monday,27/2/2023,20:00,J24-J23A,66
Monday,27/2/2023,20:00,J23A-J23,64
Monday,27/2/2023,20:00,J23-J22,64
Monday,27/2/2023,20:00,J22-J21A,70
Monday,27/2/2023,20:00,J21A-J21,61
Monday,27/2/2023,20:00,J21-J20,68
Monday,27/2/2023,20:00,J20-J19,70
Monday,27/2/2023,20:00,J19-J18,70
Monday,27/2/2023,20:00,J18-J17,65
Monday,27/2/2023,20:00,J17-J16,65
Monday,27/2/2023,20:00,J16-J15A,57
Monday,27/2/2023,20:00,J15A-J15,58
Monday,27/2/2023,20:00,J15-J14,61
Monday,27/2/2023,20:00,J14-J13,62
Monday,27/2/2023,20:00,J13-J12,62
Monday,27/2/2023,20:00,J12-J11A,59
Monday,27/2/2023,20:00,J11A-J11,56
Monday,27/2/2023,20:00,J11-J10,58
Monday,27/2/2023,20:00,J10-J9,66
Monday,27/2/2023,20:00,J9-J8,62
Monday,27/2/2023,20:00,J8-J7,54
Monday,27/2/2023,20:00,J7-J6A,61
Monday,27/2/2023,20:00,J6A-J6,69
Monday,27/2/2023,20:00,J6-J5,68
Monday,27/2/2023,20:00,J5-J4,66
Monday,27/2/2023,20:00,J4-J2,60
Monday,27/2/2023,20:00,J2-J1,59
Tuesday,28/2/2023,20:00,J48-J47,64
Tuesday,28/2/2023,20:00,J47-J46,65
Tuesday,28/2/2023,20:00,J46-J45,70
Tuesday,28/2/2023,20:00,J45-J43|44,61
Tuesday,28/2/2023,20:00,J43|44 - J42,51
Tuesday,28/2/2023,20:00,J42-J41,63
Tuesday,28/2/2023,20:00,J41-J40,62
Tuesday,28/2/2023,20:00,J40-J39,61
Tuesday,28/2/2023,20:00,J39-J38,60
Tuesday,28/2/2023,20:00,J38-J37,65
Tuesday,28/2/2023,20:00,J37-J36,68
Tuesday,28/2/2023,20:00,J36-J35A,62
Tuesday,28/2/2023,20:00,J35A-J35,61
Tuesday,28/2/2023,20:00,J35-J34,60
Tuesday,28/2/2023,20:00,J34-J33,63
Tuesday,28/2/2023,20:00,J33-J32,64
Tuesday,28/2/2023,20:00,J32-J31,62
Tuesday,28/2/2023,20:00,J31-J30,63
Tuesday,28/2/2023,20:00,J30-J29A,62
Tuesday,28/2/2023,20:00,J29A-J29,64
Tuesday,28/2/2023,20:00,J29-J28,68
Tuesday,28/2/2023,20:00,J28-J27,65
Tuesday,28/2/2023,20:00,J27-J26,60
Tuesday,28/2/2023,20:00,J26-J25,60
Tuesday,28/2/2023,20:00,J25-J24A,67
Tuesday,28/2/2023,20:00,J24A-J24,61
Tuesday,28/2/2023,20:00,J24-J23A,63
Tuesday,28/2/2023,20:00,J23A-J23,62
Tuesday,28/2/2023,20:00,J23-J22,67
Tuesday,28/2/2023,20:00,J22-J21A,67
Tuesday,28/2/2023,20:00,J21A-J21,68
Tuesday,28/2/2023,20:00,J21-J20,67
Tuesday,28/2/2023,20:00,J20-J19,48
Tuesday,28/2/2023,20:00,J19-J18,65
Tuesday,28/2/2023,20:00,J18-J17,58
Tuesday,28/2/2023,20:00,J17-J16,70
Tuesday,28/2/2023,20:00,J16-J15A,68
Tuesday,28/2/2023,20:00,J15A-J15,69
Tuesday,28/2/2023,20:00,J15-J14,70
Tuesday,28/2/2023,20:00,J14-J13,70
Tuesday,28/2/2023,20:00,J13-J12,67
Tuesday,28/2/2023,20:00,J12-J11A,67
Tuesday,28/2/2023,20:00,J11A-J11,67
Tuesday,28/2/2023,20:00,J11-J10,60
Tuesday,28/2/2023,20:00,J10-J9,64
Tuesday,28/2/2023,20:00,J9-J8,68
Tuesday,28/2/2023,20:00,J8-J7,67
Tuesday,28/2/2023,20:00,J7-J6A,69
Tuesday,28/2/2023,20:00,J6A-J6,69
Tuesday,28/2/2023,20:00,J6-J5,70
Tuesday,28/2/2023,20:00,J5-J4,61
Tuesday,28/2/2023,20:00,J4-J2,62
Tuesday,28/2/2023,20:00,J2-J1,63
Tuesday,28/2/2023,20:00,J48-J47,63
Tuesday,28/2/2023,20:00,J47-J46,70
Tuesday,28/2/2023,20:00,J46-J45,65
Tuesday,28/2/2023,20:00,J45-J43|44,62
Tuesday,28/2/2023,20:00,J43|44 - J42,60
Tuesday,28/2/2023,20:00,J42-J41,56
Tuesday,28/2/2023,20:00,J41-J40,63
Tuesday,28/2/2023,20:00,J40-J39,69
Tuesday,28/2/2023,20:00,J39-J38,70
Tuesday,28/2/2023,20:00,J38-J37,68
Tuesday,28/2/2023,20:00,J37-J36,68
Tuesday,28/2/2023,20:00,J36-J35A,66
Tuesday,28/2/2023,20:00,J35A-J35,66
Tuesday,28/2/2023,20:00,J35-J34,68
Tuesday,28/2/2023,20:00,J34-J33,60
Tuesday,28/2/2023,20:00,J33-J32,63
Tuesday,28/2/2023,20:00,J32-J31,61
Tuesday,28/2/2023,20:00,J31-J30,59
Tuesday,28/2/2023,20:00,J30-J29A,61
Tuesday,28/2/2023,20:00,J29A-J29,64
Tuesday,28/2/2023,20:00,J29-J28,64
Tuesday,28/2/2023,20:00,J28-J27,68
Tuesday,28/2/2023,20:00,J27-J26,62
Tuesday,28/2/2023,20:00,J26-J25,61
Tuesday,28/2/2023,20:00,J25-J24A,64
Tuesday,28/2/2023,20:00,J24A-J24,58
Tuesday,28/2/2023,20:00,J24-J23A,57
Tuesday,28/2/2023,20:00,J23A-J23,61
Tuesday,28/2/2023,20:00,J23-J22,51
Tuesday,28/2/2023,20:00,J22-J21A,62
Tuesday,28/2/2023,20:00,J21A-J21,60
Tuesday,28/2/2023,20:00,J21-J20,63
Tuesday,28/2/2023,20:00,J20-J19,60
Tuesday,28/2/2023,20:00,J19-J18,60
Tuesday,28/2/2023,20:00,J18-J17,65
Tuesday,28/2/2023,20:00,J17-J16,63
Tuesday,28/2/2023,20:00,J16-J15A,61
Tuesday,28/2/2023,20:00,J15A-J15,61
Tuesday,28/2/2023,20:00,J15-J14,64
Tuesday,28/2/2023,20:00,J14-J13,65
Tuesday,28/2/2023,20:00,J13-J12,64
Tuesday,28/2/2023,20:00,J12-J11A,63
Tuesday,28/2/2023,20:00,J11A-J11,62
Tuesday,28/2/2023,20:00,J11-J10,60
Tuesday,28/2/2023,20:00,J10-J9,64
Tuesday,28/2/2023,20:00,J9-J8,69
Tuesday,28/2/2023,20:00,J8-J7,59
Tuesday,28/2/2023,20:00,J7-J6A,60
Tuesday,28/2/2023,20:00,J6A-J6,64
Tuesday,28/2/2023,20:00,J6-J5,65
Tuesday,28/2/2023,20:00,J5-J4,61
Tuesday,28/2/2023,20:00,J4-J2,63
Tuesday,28/2/2023,20:00,J2-J1,55
Wednesday,1/3/2023,20:00,J48-J47,70
Wednesday,1/3/2023,20:00,J47-J46,68
Wednesday,1/3/2023,20:00,J46-J45,60
Wednesday,1/3/2023,20:00,J45-J43|44,61
Wednesday,1/3/2023,20:00,J43|44 - J42,60
Wednesday,1/3/2023,20:00,J42-J41,61
Wednesday,1/3/2023,20:00,J41-J40,62
Wednesday,1/3/2023,20:00,J40-J39,57
Wednesday,1/3/2023,20:00,J39-J38,48
Wednesday,1/3/2023,20:00,J38-J37,45
Wednesday,1/3/2023,20:00,J37-J36,65
Wednesday,1/3/2023,20:00,J36-J35A,62
Wednesday,1/3/2023,20:00,J35A-J35,63
Wednesday,1/3/2023,20:00,J35-J34,63
Wednesday,1/3/2023,20:00,J34-J33,61
Wednesday,1/3/2023,20:00,J33-J32,60
Wednesday,1/3/2023,20:00,J32-J31,65
Wednesday,1/3/2023,20:00,J31-J30,68
Wednesday,1/3/2023,20:00,J30-J29A,61
Wednesday,1/3/2023,20:00,J29A-J29,60
Wednesday,1/3/2023,20:00,J29-J28,59
Wednesday,1/3/2023,20:00,J28-J27,64
Wednesday,1/3/2023,20:00,J27-J26,58
Wednesday,1/3/2023,20:00,J26-J25,59
Wednesday,1/3/2023,20:00,J25-J24A,62
Wednesday,1/3/2023,20:00,J24A-J24,60
Wednesday,1/3/2023,20:00,J24-J23A,60
Wednesday,1/3/2023,20:00,J23A-J23,65
Wednesday,1/3/2023,20:00,J23-J22,68
Wednesday,1/3/2023,20:00,J22-J21A,61
Wednesday,1/3/2023,20:00,J21A-J21,60
Wednesday,1/3/2023,20:00,J21-J20,67
Wednesday,1/3/2023,20:00,J20-J19,65
Wednesday,1/3/2023,20:00,J19-J18,64
Wednesday,1/3/2023,20:00,J18-J17,63
Wednesday,1/3/2023,20:00,J17-J16,60
Wednesday,1/3/2023,20:00,J16-J15A,61
Wednesday,1/3/2023,20:00,J15A-J15,63
Wednesday,1/3/2023,20:00,J15-J14,62
Wednesday,1/3/2023,20:00,J14-J13,61
Wednesday,1/3/2023,20:00,J13-J12,62
Wednesday,1/3/2023,20:00,J12-J11A,65
Wednesday,1/3/2023,20:00,J11A-J11,62
Wednesday,1/3/2023,20:00,J11-J10,64
Wednesday,1/3/2023,20:00,J10-J9,63
Wednesday,1/3/2023,20:00,J9-J8,65
Wednesday,1/3/2023,20:00,J8-J7,64
Wednesday,1/3/2023,20:00,J7-J6A,63
Wednesday,1/3/2023,20:00,J6A-J6,64
Wednesday,1/3/2023,20:00,J6-J5,64
Wednesday,1/3/2023,20:00,J5-J4,68
Wednesday,1/3/2023,20:00,J4-J2,59
Wednesday,1/3/2023,20:00,J2-J1,56
Thursday,2/3/2023,20:00,J48-J47,61
Thursday,2/3/2023,20:00,J47-J46,62
Thursday,2/3/2023,20:00,J46-J45,65
Thursday,2/3/2023,20:00,J45-J43|44,55
Thursday,2/3/2023,20:00,J43|44 - J42,57
Thursday,2/3/2023,20:00,J42-J41,60
Thursday,2/3/2023,20:00,J41-J40,60
Thursday,2/3/2023,20:00,J40-J39,62
Thursday,2/3/2023,20:00,J39-J38,63
Thursday,2/3/2023,20:00,J38-J37,65
Thursday,2/3/2023,20:00,J37-J36,67
Thursday,2/3/2023,20:00,J36-J35A,70
Thursday,2/3/2023,20:00,J35A-J35,61
Thursday,2/3/2023,20:00,J35-J34,63
Thursday,2/3/2023,20:00,J34-J33,54
Thursday,2/3/2023,20:00,J33-J32,53
Thursday,2/3/2023,20:00,J32-J31,60
Thursday,2/3/2023,20:00,J31-J30,48
Thursday,2/3/2023,20:00,J30-J29A,42
Thursday,2/3/2023,20:00,J29A-J29,62
Thursday,2/3/2023,20:00,J29-J28,63
Thursday,2/3/2023,20:00,J28-J27,41
Thursday,2/3/2023,20:00,J27-J26,65
Thursday,2/3/2023,20:00,J26-J25,62
Thursday,2/3/2023,20:00,J25-J24A,65
Thursday,2/3/2023,20:00,J24A-J24,61
Thursday,2/3/2023,20:00,J24-J23A,60
Thursday,2/3/2023,20:00,J23A-J23,61
Thursday,2/3/2023,20:00,J23-J22,63
Thursday,2/3/2023,20:00,J22-J21A,63
Thursday,2/3/2023,20:00,J21A-J21,61
Thursday,2/3/2023,20:00,J21-J20,65
Thursday,2/3/2023,20:00,J20-J19,69
Thursday,2/3/2023,20:00,J19-J18,70
Thursday,2/3/2023,20:00,J18-J17,70
Thursday,2/3/2023,20:00,J17-J16,64
Thursday,2/3/2023,20:00,J16-J15A,63
Thursday,2/3/2023,20:00,J15A-J15,61
Thursday,2/3/2023,20:00,J15-J14,60
Thursday,2/3/2023,20:00,J14-J13,65
Thursday,2/3/2023,20:00,J13-J12,67
Thursday,2/3/2023,20:00,J12-J11A,68
Thursday,2/3/2023,20:00,J11A-J11,61
Thursday,2/3/2023,20:00,J11-J10,60
Thursday,2/3/2023,20:00,J10-J9,63
Thursday,2/3/2023,20:00,J9-J8,60
Thursday,2/3/2023,20:00,J8-J7,65
Thursday,2/3/2023,20:00,J7-J6A,54
Thursday,2/3/2023,20:00,J6A-J6,62
Thursday,2/3/2023,20:00,J6-J5,60
Thursday,2/3/2023,20:00,J5-J4,59
Thursday,2/3/2023,20:00,J4-J2,61
Thursday,2/3/2023,20:00,J2-J1,60
,,,,
,,,,
,,,,
,,,,
,,,,
,,,,
,,,,
,,,,
,,,,
,,,,
,,,,
,,,,
,,,,
,,,,
,,,,
,,,,
,,,,
,,,,
,,,,
,,,,
,,,,
,,,,
,,,,
,,,,
,,,,
,,,,
,,,,
,,,,
,,,,
